<?xml version="1.0" encoding="UTF-8"?>
<manifest identifier="com.bankmed.physicalsecurity" version="1.2"
  xmlns="http://www.imsglobal.org/xsd/imscp_v1p1"
  xmlns:adlcp="http://www.adlnet.org/xsd/adlcp_rootv1p2"
  xmlns:xsi="http://www.w3.org/2001/XMLSchema-instance"
  xsi:schemaLocation="http://www.imsglobal.org/xsd/imscp_v1p1
                      imscp_v1p1.xsd
                      http://www.adlnet.org/xsd/adlcp_rootv1p2
                      adlcp_rootv1p2.xsd">
  <metadata>
    <schema>ADL SCORM</schema>
    <schemaversion>1.2</schemaversion>
  </metadata>
  <organizations default="org1">
    <organization identifier="org1">
      <title>Bankmed Physical Security Awareness</title>
      <item identifier="item1" identifierref="resource1" isvisible="true">
        <title>Physical Security Awareness Training</title>
      </item>
    </organization>
  </organizations>
  <resources>
    <resource identifier="resource1" type="webcontent" adlcp:scormtype="sco" href="index.html">
      <file href="index.html"/>
      <file href="slide2.html"/>
      <file href="slide3.html"/>
      <file href="slide4.html"/>
      <file href="slide5.html"/>
      <file href="quiz.html"/>
      <file href="css/style.css"/>
      <file href="js/quiz.js"/>
    </resource>
  </resources>
</manifest>